Time,Production
1,446.6565229
2,454.4733065
3,455.662974
4,423.6322388
5,456.2713279
6,440.5880501
7,425.3325201
8,485.1494479
9,506.0481621
10,526.7919833
11,514.268889
12,494.2110193
13,515.3052417
14,464.7204667
15,467.7723636
